inventory_id,product_id,branch_id,stock_quantity,reorder_level,max_stock_level,supplier_name,batch_number,expiry_date,warehouse_location,unit_cost,stock_value
INV-PRD0001-BR01,PRD0001,BR01,233,35,726,Abbott India,BATCH846259,2026-09-06,WH-BLR-01,109.54,25522.82
INV-PRD0001-BR02,PRD0001,BR02,240,41,617,Abbott India,BATCH107091,2026-05-26,WH-HYD-01,109.54,26289.6
INV-PRD0001-BR03,PRD0001,BR03,79,15,258,Abbott India,BATCH483254,2025-07-11,WH-HYD-01,109.54,8653.66
INV-PRD0001-BR04,PRD0001,BR04,245,60,750,Abbott India,BATCH196850,2025-12-23,WH-CHN-01,109.54,26837.3
INV-PRD0001-BR05,PRD0001,BR05,105,15,333,Abbott India,BATCH910733,2025-11-09,WH-HYD-02,109.54,11501.7
INV-PRD0001-BR06,PRD0001,BR06,337,77,956,Abbott India,BATCH590991,2025-09-03,WH-CHN-01,109.54,36914.98
INV-PRD0001-BR07,PRD0001,BR07,354,56,898,Abbott India,BATCH383619,2025-05-22,WH-BLR-01,109.54,38777.16
INV-PRD0001-BR08,PRD0001,BR08,23,4,81,Abbott India,BATCH480524,2025-07-18,WH-HYD-01,109.54,2519.42
INV-PRD0002-BR01,PRD0002,BR01,147,22,374,Sun Pharmaceuticals,BATCH110509,2026-02-12,WH-HYD-02,164.95,24247.65
INV-PRD0002-BR02,PRD0002,BR02,357,88,1356,Sun Pharmaceuticals,BATCH753014,2025-07-18,WH-HYD-02,164.95,58887.15
INV-PRD0002-BR03,PRD0002,BR03,295,47,895,Sun Pharmaceuticals,BATCH896698,2025-12-05,WH-CHN-01,164.95,48660.25
INV-PRD0002-BR04,PRD0002,BR04,182,35,723,Sun Pharmaceuticals,BATCH420805,2025-03-06,WH-HYD-02,164.95,30020.9
INV-PRD0002-BR05,PRD0002,BR05,6,1,18,Sun Pharmaceuticals,BATCH790718,2026-11-12,WH-BLR-01,164.95,989.7
INV-PRD0002-BR06,PRD0002,BR06,217,53,736,Sun Pharmaceuticals,BATCH827842,2025-08-14,WH-BLR-01,164.95,35794.15
INV-PRD0002-BR07,PRD0002,BR07,72,15,202,Sun Pharmaceuticals,BATCH352750,2025-07-03,WH-HYD-01,164.95,11876.4
INV-PRD0002-BR08,PRD0002,BR08,89,16,232,Sun Pharmaceuticals,BATCH999357,2025-09-08,WH-BLR-01,164.95,14680.55
INV-PRD0003-BR01,PRD0003,BR01,264,63,674,Sun Pharmaceuticals,BATCH804853,2026-02-21,WH-BLR-01,51.09,13487.76
INV-PRD0003-BR02,PRD0003,BR02,222,51,625,Sun Pharmaceuticals,BATCH945136,2026-07-08,WH-HYD-02,51.09,11341.98
INV-PRD0003-BR03,PRD0003,BR03,69,15,247,Sun Pharmaceuticals,BATCH479181,2025-03-29,WH-HYD-01,51.09,3525.21
INV-PRD0003-BR04,PRD0003,BR04,179,29,561,Sun Pharmaceuticals,BATCH619015,2026-11-09,WH-HYD-02,51.09,9145.11
INV-PRD0003-BR05,PRD0003,BR05,245,39,899,Sun Pharmaceuticals,BATCH955439,2025-01-10,WH-BLR-01,51.09,12517.05
INV-PRD0003-BR06,PRD0003,BR06,251,47,820,Sun Pharmaceuticals,BATCH392301,2025-03-15,WH-HYD-02,51.09,12823.59
INV-PRD0003-BR07,PRD0003,BR07,58,10,181,Sun Pharmaceuticals,BATCH874648,2026-02-19,WH-HYD-02,51.09,2963.22
INV-PRD0003-BR08,PRD0003,BR08,234,53,736,Sun Pharmaceuticals,BATCH553457,2026-10-22,WH-BLR-01,51.09,11955.06
INV-PRD0004-BR01,PRD0004,BR01,245,40,918,Abbott India,BATCH306861,2026-09-09,WH-HYD-02,44.1,10804.5
INV-PRD0004-BR02,PRD0004,BR02,266,43,1036,Abbott India,BATCH843920,2026-08-04,WH-BLR-01,44.1,11730.6
INV-PRD0004-BR03,PRD0004,BR03,110,17,435,Abbott India,BATCH146450,2025-01-29,WH-BLR-01,44.1,4851.0
INV-PRD0004-BR04,PRD0004,BR04,367,80,921,Abbott India,BATCH598970,2026-01-22,WH-HYD-02,44.1,16184.7
INV-PRD0004-BR05,PRD0004,BR05,31,5,89,Abbott India,BATCH870358,2026-07-07,WH-BLR-01,44.1,1367.1
INV-PRD0004-BR06,PRD0004,BR06,91,16,240,Abbott India,BATCH298468,2025-07-02,WH-CHN-01,44.1,4013.1
INV-PRD0004-BR07,PRD0004,BR07,92,21,263,Abbott India,BATCH760641,2025-01-07,WH-BLR-01,44.1,4057.2
INV-PRD0004-BR08,PRD0004,BR08,340,83,1052,Abbott India,BATCH120415,2025-07-21,WH-HYD-01,44.1,14994.0
INV-PRD0005-BR01,PRD0005,BR01,5,1,15,Dr. Reddy's Labs,BATCH242483,2026-12-13,WH-CHN-01,145.45,727.25
INV-PRD0005-BR02,PRD0005,BR02,27,4,98,Dr. Reddy's Labs,BATCH796666,2026-12-28,WH-HYD-01,145.45,3927.15
INV-PRD0005-BR03,PRD0005,BR03,274,52,691,Dr. Reddy's Labs,BATCH166601,2025-10-09,WH-HYD-01,145.45,39853.3
INV-PRD0005-BR04,PRD0005,BR04,203,41,721,Dr. Reddy's Labs,BATCH571059,2025-06-09,WH-HYD-01,145.45,29526.35
INV-PRD0005-BR05,PRD0005,BR05,12,2,45,Dr. Reddy's Labs,BATCH969721,2025-09-01,WH-BLR-01,145.45,1745.4
INV-PRD0005-BR06,PRD0005,BR06,360,88,1435,Dr. Reddy's Labs,BATCH992531,2025-09-20,WH-CHN-01,145.45,52362.0
INV-PRD0005-BR07,PRD0005,BR07,359,77,1321,Dr. Reddy's Labs,BATCH347851,2026-02-15,WH-CHN-01,145.45,52216.55
INV-PRD0005-BR08,PRD0005,BR08,318,77,1042,Dr. Reddy's Labs,BATCH650516,2026-01-05,WH-HYD-01,145.45,46253.1
INV-PRD0006-BR01,PRD0006,BR01,244,39,819,Cipla Ltd,BATCH630450,2026-05-08,WH-HYD-02,37.69,9196.36
INV-PRD0006-BR02,PRD0006,BR02,242,42,865,Cipla Ltd,BATCH838674,2025-05-09,WH-HYD-02,37.69,9120.98
INV-PRD0006-BR03,PRD0006,BR03,321,65,1161,Cipla Ltd,BATCH741458,2025-03-22,WH-CHN-01,37.69,12098.49
INV-PRD0006-BR04,PRD0006,BR04,23,5,81,Cipla Ltd,BATCH896358,2026-04-10,WH-CHN-01,37.69,866.87
INV-PRD0006-BR05,PRD0006,BR05,276,54,897,Cipla Ltd,BATCH219299,2026-06-20,WH-HYD-02,37.69,10402.44
INV-PRD0006-BR06,PRD0006,BR06,26,4,102,Cipla Ltd,BATCH277243,2025-10-14,WH-HYD-02,37.69,979.94
INV-PRD0006-BR07,PRD0006,BR07,204,35,684,Cipla Ltd,BATCH909092,2026-05-24,WH-CHN-01,37.69,7688.76
INV-PRD0006-BR08,PRD0006,BR08,169,27,589,Cipla Ltd,BATCH716653,2025-03-15,WH-CHN-01,37.69,6369.61
INV-PRD0007-BR01,PRD0007,BR01,347,79,1135,Cipla Ltd,BATCH569309,2025-12-22,WH-HYD-01,89.97,31219.59
INV-PRD0007-BR02,PRD0007,BR02,77,11,254,Cipla Ltd,BATCH864299,2025-10-10,WH-CHN-01,89.97,6927.69
INV-PRD0007-BR03,PRD0007,BR03,236,58,611,Cipla Ltd,BATCH727913,2026-11-06,WH-BLR-01,89.97,21232.92
INV-PRD0007-BR04,PRD0007,BR04,85,15,278,Cipla Ltd,BATCH789987,2025-04-19,WH-HYD-02,89.97,7647.45
INV-PRD0007-BR05,PRD0007,BR05,364,80,1108,Cipla Ltd,BATCH247733,2026-11-12,WH-HYD-01,89.97,32749.08
INV-PRD0007-BR06,PRD0007,BR06,6,1,16,Cipla Ltd,BATCH115424,2026-07-13,WH-BLR-01,89.97,539.82
INV-PRD0007-BR07,PRD0007,BR07,247,53,985,Cipla Ltd,BATCH491388,2026-09-17,WH-CHN-01,89.97,22222.59
INV-PRD0007-BR08,PRD0007,BR08,103,23,266,Cipla Ltd,BATCH541984,2025-04-30,WH-HYD-02,89.97,9266.91
INV-PRD0008-BR01,PRD0008,BR01,247,43,790,Cipla Ltd,BATCH727569,2026-07-12,WH-BLR-01,24.96,6165.12
INV-PRD0008-BR02,PRD0008,BR02,392,65,1558,Cipla Ltd,BATCH431327,2025-10-30,WH-HYD-01,24.96,9784.32
INV-PRD0008-BR03,PRD0008,BR03,483,91,1476,Cipla Ltd,BATCH414659,2025-03-09,WH-HYD-01,24.96,12055.68
INV-PRD0008-BR04,PRD0008,BR04,137,29,473,Cipla Ltd,BATCH673693,2026-03-28,WH-HYD-01,24.96,3419.52
INV-PRD0008-BR05,PRD0008,BR05,10,1,32,Cipla Ltd,BATCH502233,2025-12-20,WH-HYD-01,24.96,249.6
INV-PRD0008-BR06,PRD0008,BR06,429,94,1348,Cipla Ltd,BATCH582753,2025-02-04,WH-HYD-01,24.96,10707.84
INV-PRD0008-BR07,PRD0008,BR07,145,32,379,Cipla Ltd,BATCH838187,2026-04-15,WH-CHN-01,24.96,3619.2
INV-PRD0008-BR08,PRD0008,BR08,435,107,1099,Cipla Ltd,BATCH130770,2026-09-19,WH-BLR-01,24.96,10857.6
INV-PRD0009-BR01,PRD0009,BR01,218,52,862,Abbott India,BATCH373752,2026-05-27,WH-BLR-01,41.33,9009.94
INV-PRD0009-BR02,PRD0009,BR02,482,94,1544,Abbott India,BATCH917439,2025-12-06,WH-HYD-01,41.33,19921.06
INV-PRD0009-BR03,PRD0009,BR03,87,16,264,Abbott India,BATCH618364,2026-12-30,WH-CHN-01,41.33,3595.71
INV-PRD0009-BR04,PRD0009,BR04,488,104,1578,Abbott India,BATCH849840,2026-02-07,WH-HYD-01,41.33,20169.04
INV-PRD0009-BR05,PRD0009,BR05,334,78,1320,Abbott India,BATCH939942,2025-01-28,WH-BLR-01,41.33,13804.22
INV-PRD0009-BR06,PRD0009,BR06,379,77,959,Abbott India,BATCH352382,2026-12-24,WH-HYD-01,41.33,15664.07
INV-PRD0009-BR07,PRD0009,BR07,256,39,661,Abbott India,BATCH908828,2026-06-18,WH-CHN-01,41.33,10580.48
INV-PRD0009-BR08,PRD0009,BR08,382,70,1476,Abbott India,BATCH222940,2025-08-12,WH-HYD-01,41.33,15788.06
INV-PRD0010-BR01,PRD0010,BR01,483,74,1457,Sun Pharmaceuticals,BATCH950117,2025-04-17,WH-CHN-01,51.44,24845.52
INV-PRD0010-BR02,PRD0010,BR02,127,23,449,Sun Pharmaceuticals,BATCH195940,2025-06-25,WH-HYD-02,51.44,6532.88
INV-PRD0010-BR03,PRD0010,BR03,204,39,674,Sun Pharmaceuticals,BATCH474137,2026-07-17,WH-CHN-01,51.44,10493.76
INV-PRD0010-BR04,PRD0010,BR04,189,35,532,Sun Pharmaceuticals,BATCH160043,2025-04-04,WH-HYD-02,51.44,9722.16
INV-PRD0010-BR05,PRD0010,BR05,10,2,36,Sun Pharmaceuticals,BATCH613090,2025-06-08,WH-HYD-01,51.44,514.4
INV-PRD0010-BR06,PRD0010,BR06,243,55,892,Sun Pharmaceuticals,BATCH286367,2025-04-09,WH-HYD-02,51.44,12499.92
INV-PRD0010-BR07,PRD0010,BR07,475,106,1662,Sun Pharmaceuticals,BATCH670890,2026-09-27,WH-HYD-01,51.44,24434.0
INV-PRD0010-BR08,PRD0010,BR08,177,40,695,Sun Pharmaceuticals,BATCH951349,2026-11-09,WH-HYD-02,51.44,9104.88
INV-PRD0011-BR01,PRD0011,BR01,337,68,1208,Abbott India,BATCH998666,2025-07-21,WH-BLR-01,66.34,22356.58
INV-PRD0011-BR02,PRD0011,BR02,334,58,1027,Abbott India,BATCH575558,2025-09-24,WH-HYD-02,66.34,22157.56
INV-PRD0011-BR03,PRD0011,BR03,33,6,124,Abbott India,BATCH702716,2025-05-23,WH-BLR-01,66.34,2189.22
INV-PRD0011-BR04,PRD0011,BR04,371,72,1389,Abbott India,BATCH965696,2026-01-10,WH-HYD-01,66.34,24612.14
INV-PRD0011-BR05,PRD0011,BR05,129,25,474,Abbott India,BATCH167565,2026-06-15,WH-HYD-02,66.34,8557.86
INV-PRD0011-BR06,PRD0011,BR06,400,98,1512,Abbott India,BATCH304439,2025-06-26,WH-HYD-01,66.34,26536.0
INV-PRD0011-BR07,PRD0011,BR07,216,52,561,Abbott India,BATCH285206,2025-02-13,WH-HYD-01,66.34,14329.44
INV-PRD0011-BR08,PRD0011,BR08,128,26,362,Abbott India,BATCH426878,2025-05-17,WH-HYD-01,66.34,8491.52
INV-PRD0012-BR01,PRD0012,BR01,451,107,1256,Abbott India,BATCH746059,2025-08-20,WH-CHN-01,38.07,17169.57
INV-PRD0012-BR02,PRD0012,BR02,409,81,1239,Abbott India,BATCH137596,2025-07-30,WH-CHN-01,38.07,15570.63
INV-PRD0012-BR03,PRD0012,BR03,168,28,597,Abbott India,BATCH138091,2025-12-08,WH-BLR-01,38.07,6395.76
INV-PRD0012-BR04,PRD0012,BR04,206,45,677,Abbott India,BATCH871564,2025-04-04,WH-HYD-02,38.07,7842.42
INV-PRD0012-BR05,PRD0012,BR05,111,23,358,Abbott India,BATCH352683,2026-04-28,WH-HYD-02,38.07,4225.77
INV-PRD0012-BR06,PRD0012,BR06,468,98,1749,Abbott India,BATCH844758,2026-07-25,WH-HYD-02,38.07,17816.76
INV-PRD0012-BR07,PRD0012,BR07,177,44,504,Abbott India,BATCH137399,2025-09-14,WH-BLR-01,38.07,6738.39
INV-PRD0012-BR08,PRD0012,BR08,188,42,678,Abbott India,BATCH608925,2026-03-03,WH-HYD-02,38.07,7157.16
INV-PRD0013-BR01,PRD0013,BR01,132,31,408,Mankind Pharma,BATCH178242,2025-10-03,WH-BLR-01,221.08,29182.56
INV-PRD0013-BR02,PRD0013,BR02,326,56,1108,Mankind Pharma,BATCH231675,2025-07-23,WH-HYD-01,221.08,72072.08
INV-PRD0013-BR03,PRD0013,BR03,41,9,103,Mankind Pharma,BATCH157787,2025-11-13,WH-HYD-02,221.08,9064.28
INV-PRD0013-BR04,PRD0013,BR04,36,7,128,Mankind Pharma,BATCH197898,2025-01-16,WH-HYD-02,221.08,7958.88
INV-PRD0013-BR05,PRD0013,BR05,115,28,296,Mankind Pharma,BATCH453825,2026-08-01,WH-HYD-02,221.08,25424.2
INV-PRD0013-BR06,PRD0013,BR06,252,42,937,Mankind Pharma,BATCH933992,2025-04-26,WH-CHN-01,221.08,55712.16
INV-PRD0013-BR07,PRD0013,BR07,259,43,953,Mankind Pharma,BATCH603856,2026-07-05,WH-BLR-01,221.08,57259.72
INV-PRD0013-BR08,PRD0013,BR08,60,10,227,Mankind Pharma,BATCH435632,2026-10-29,WH-HYD-01,221.08,13264.8
INV-PRD0014-BR01,PRD0014,BR01,89,21,281,Sun Pharmaceuticals,BATCH412941,2026-10-10,WH-HYD-01,109.56,9750.84
INV-PRD0014-BR02,PRD0014,BR02,185,31,697,Sun Pharmaceuticals,BATCH478095,2026-09-07,WH-HYD-01,109.56,20268.6
INV-PRD0014-BR03,PRD0014,BR03,121,20,449,Sun Pharmaceuticals,BATCH644751,2025-09-06,WH-HYD-02,109.56,13256.76
INV-PRD0014-BR04,PRD0014,BR04,332,55,1291,Sun Pharmaceuticals,BATCH480342,2026-07-20,WH-HYD-01,109.56,36373.92
INV-PRD0014-BR05,PRD0014,BR05,301,68,1040,Sun Pharmaceuticals,BATCH488149,2026-11-21,WH-BLR-01,109.56,32977.56
INV-PRD0014-BR06,PRD0014,BR06,88,15,242,Sun Pharmaceuticals,BATCH878976,2025-08-27,WH-BLR-01,109.56,9641.28
INV-PRD0014-BR07,PRD0014,BR07,45,8,140,Sun Pharmaceuticals,BATCH626389,2026-02-20,WH-HYD-01,109.56,4930.2
INV-PRD0014-BR08,PRD0014,BR08,121,21,313,Sun Pharmaceuticals,BATCH323985,2025-03-30,WH-HYD-02,109.56,13256.76
INV-PRD0015-BR01,PRD0015,BR01,258,59,685,Mankind Pharma,BATCH210268,2025-10-10,WH-HYD-01,217.96,56233.68
INV-PRD0015-BR02,PRD0015,BR02,306,54,941,Mankind Pharma,BATCH217536,2025-04-09,WH-CHN-01,217.96,66695.76
INV-PRD0015-BR03,PRD0015,BR03,348,73,1230,Mankind Pharma,BATCH225812,2025-02-02,WH-HYD-02,217.96,75850.08
INV-PRD0015-BR04,PRD0015,BR04,101,22,334,Mankind Pharma,BATCH764794,2025-03-24,WH-BLR-01,217.96,22013.96
INV-PRD0015-BR05,PRD0015,BR05,18,3,46,Mankind Pharma,BATCH510467,2025-10-23,WH-HYD-02,217.96,3923.28
INV-PRD0015-BR06,PRD0015,BR06,164,39,454,Mankind Pharma,BATCH397558,2026-11-18,WH-HYD-02,217.96,35745.44
INV-PRD0015-BR07,PRD0015,BR07,108,23,422,Mankind Pharma,BATCH545619,2025-01-30,WH-CHN-01,217.96,23539.68
INV-PRD0015-BR08,PRD0015,BR08,348,59,1270,Mankind Pharma,BATCH369579,2026-01-02,WH-CHN-01,217.96,75850.08
INV-PRD0016-BR01,PRD0016,BR01,1,0,2,Lupin Pharma,BATCH921029,2026-07-16,WH-BLR-01,232.63,232.63
INV-PRD0016-BR02,PRD0016,BR02,63,13,170,Lupin Pharma,BATCH888613,2026-07-12,WH-BLR-01,232.63,14655.69
INV-PRD0016-BR03,PRD0016,BR03,264,47,942,Lupin Pharma,BATCH857682,2025-02-16,WH-CHN-01,232.63,61414.32
INV-PRD0016-BR04,PRD0016,BR04,355,75,1394,Lupin Pharma,BATCH453491,2025-11-11,WH-HYD-02,232.63,82583.65
INV-PRD0016-BR05,PRD0016,BR05,89,13,266,Lupin Pharma,BATCH708664,2025-08-30,WH-BLR-01,232.63,20704.07
INV-PRD0016-BR06,PRD0016,BR06,360,81,1087,Lupin Pharma,BATCH252198,2026-01-26,WH-HYD-01,232.63,83746.8
INV-PRD0016-BR07,PRD0016,BR07,150,28,547,Lupin Pharma,BATCH593324,2026-06-06,WH-HYD-02,232.63,34894.5
INV-PRD0016-BR08,PRD0016,BR08,5,0,14,Lupin Pharma,BATCH950867,2025-08-09,WH-CHN-01,232.63,1163.15
INV-PRD0017-BR01,PRD0017,BR01,365,84,1377,Sun Pharmaceuticals,BATCH532884,2026-04-15,WH-HYD-01,67.87,24772.55
INV-PRD0017-BR02,PRD0017,BR02,357,60,1027,Sun Pharmaceuticals,BATCH646001,2025-04-13,WH-HYD-02,67.87,24229.59
INV-PRD0017-BR03,PRD0017,BR03,356,58,1050,Sun Pharmaceuticals,BATCH646849,2025-04-30,WH-HYD-01,67.87,24161.72
INV-PRD0017-BR04,PRD0017,BR04,213,46,678,Sun Pharmaceuticals,BATCH411560,2026-12-07,WH-CHN-01,67.87,14456.31
INV-PRD0017-BR05,PRD0017,BR05,0,0,0,Sun Pharmaceuticals,BATCH106323,2025-07-11,WH-CHN-01,67.87,0.0
INV-PRD0017-BR06,PRD0017,BR06,20,3,51,Sun Pharmaceuticals,BATCH922452,2026-01-31,WH-CHN-01,67.87,1357.4
INV-PRD0017-BR07,PRD0017,BR07,65,14,252,Sun Pharmaceuticals,BATCH278047,2025-06-28,WH-BLR-01,67.87,4411.55
INV-PRD0017-BR08,PRD0017,BR08,144,29,548,Sun Pharmaceuticals,BATCH790402,2025-07-13,WH-HYD-01,67.87,9773.28
INV-PRD0018-BR01,PRD0018,BR01,190,41,695,Sun Pharmaceuticals,BATCH541724,2026-08-19,WH-HYD-02,427.42,81209.8
INV-PRD0018-BR02,PRD0018,BR02,290,67,868,Sun Pharmaceuticals,BATCH463256,2025-03-06,WH-BLR-01,427.42,123951.8
INV-PRD0018-BR03,PRD0018,BR03,314,66,993,Sun Pharmaceuticals,BATCH811948,2025-10-07,WH-HYD-01,427.42,134209.88
INV-PRD0018-BR04,PRD0018,BR04,145,24,528,Sun Pharmaceuticals,BATCH743887,2026-08-18,WH-HYD-01,427.42,61975.9
INV-PRD0018-BR05,PRD0018,BR05,203,48,621,Sun Pharmaceuticals,BATCH272724,2025-08-16,WH-HYD-01,427.42,86766.26
INV-PRD0018-BR06,PRD0018,BR06,282,46,716,Sun Pharmaceuticals,BATCH891824,2026-04-19,WH-CHN-01,427.42,120532.44
INV-PRD0018-BR07,PRD0018,BR07,214,42,601,Sun Pharmaceuticals,BATCH897798,2025-05-23,WH-HYD-02,427.42,91467.88
INV-PRD0018-BR08,PRD0018,BR08,67,14,196,Sun Pharmaceuticals,BATCH214387,2025-02-27,WH-HYD-02,427.42,28637.14
INV-PRD0019-BR01,PRD0019,BR01,296,57,741,Sun Pharmaceuticals,BATCH505236,2025-10-13,WH-BLR-01,129.35,38287.6
INV-PRD0019-BR02,PRD0019,BR02,207,48,804,Sun Pharmaceuticals,BATCH372329,2025-12-02,WH-CHN-01,129.35,26775.45
INV-PRD0019-BR03,PRD0019,BR03,79,18,260,Sun Pharmaceuticals,BATCH277810,2026-07-15,WH-BLR-01,129.35,10218.65
INV-PRD0019-BR04,PRD0019,BR04,137,26,519,Sun Pharmaceuticals,BATCH160784,2025-08-12,WH-HYD-01,129.35,17720.95
INV-PRD0019-BR05,PRD0019,BR05,328,50,1026,Sun Pharmaceuticals,BATCH932878,2026-05-07,WH-HYD-02,129.35,42426.8
INV-PRD0019-BR06,PRD0019,BR06,369,86,1040,Sun Pharmaceuticals,BATCH707074,2026-10-25,WH-HYD-02,129.35,47730.15
INV-PRD0019-BR07,PRD0019,BR07,365,57,1354,Sun Pharmaceuticals,BATCH251261,2025-06-01,WH-BLR-01,129.35,47212.75
INV-PRD0019-BR08,PRD0019,BR08,47,7,167,Sun Pharmaceuticals,BATCH349998,2026-05-09,WH-HYD-02,129.35,6079.45
INV-PRD0020-BR01,PRD0020,BR01,27,5,102,Cipla Ltd,BATCH111751,2026-03-14,WH-HYD-02,281.75,7607.25
INV-PRD0020-BR02,PRD0020,BR02,2,0,7,Cipla Ltd,BATCH973338,2025-01-28,WH-HYD-01,281.75,563.5
INV-PRD0020-BR03,PRD0020,BR03,61,13,176,Cipla Ltd,BATCH930111,2025-01-24,WH-HYD-01,281.75,17186.75
INV-PRD0020-BR04,PRD0020,BR04,300,71,804,Cipla Ltd,BATCH948635,2026-04-16,WH-HYD-01,281.75,84525.0
INV-PRD0020-BR05,PRD0020,BR05,272,46,705,Cipla Ltd,BATCH612739,2026-08-10,WH-HYD-02,281.75,76636.0
INV-PRD0020-BR06,PRD0020,BR06,33,5,119,Cipla Ltd,BATCH338023,2026-01-28,WH-BLR-01,281.75,9297.75
INV-PRD0020-BR07,PRD0020,BR07,81,15,265,Cipla Ltd,BATCH597818,2025-11-07,WH-CHN-01,281.75,22821.75
INV-PRD0020-BR08,PRD0020,BR08,125,24,461,Cipla Ltd,BATCH822081,2026-12-23,WH-HYD-01,281.75,35218.75
INV-PRD0021-BR01,PRD0021,BR01,9,1,34,Cipla Ltd,BATCH113318,2026-06-18,WH-CHN-01,143.48,1291.32
INV-PRD0021-BR02,PRD0021,BR02,202,50,523,Cipla Ltd,BATCH731113,2025-03-09,WH-BLR-01,143.48,28982.96
INV-PRD0021-BR03,PRD0021,BR03,296,54,919,Cipla Ltd,BATCH840991,2026-06-28,WH-BLR-01,143.48,42470.08
INV-PRD0021-BR04,PRD0021,BR04,328,75,1226,Cipla Ltd,BATCH222009,2025-11-10,WH-BLR-01,143.48,47061.44
INV-PRD0021-BR05,PRD0021,BR05,129,30,473,Cipla Ltd,BATCH593695,2025-11-19,WH-HYD-02,143.48,18508.92
INV-PRD0021-BR06,PRD0021,BR06,344,82,1314,Cipla Ltd,BATCH222102,2026-05-06,WH-BLR-01,143.48,49357.12
INV-PRD0021-BR07,PRD0021,BR07,111,22,356,Cipla Ltd,BATCH619400,2025-10-08,WH-CHN-01,143.48,15926.28
INV-PRD0021-BR08,PRD0021,BR08,348,83,1026,Cipla Ltd,BATCH271441,2025-11-23,WH-CHN-01,143.48,49931.04
INV-PRD0022-BR01,PRD0022,BR01,332,50,1203,Mankind Pharma,BATCH272034,2026-04-27,WH-CHN-01,90.27,29969.64
INV-PRD0022-BR02,PRD0022,BR02,209,39,828,Mankind Pharma,BATCH612782,2025-08-14,WH-HYD-01,90.27,18866.43
INV-PRD0022-BR03,PRD0022,BR03,297,55,862,Mankind Pharma,BATCH799165,2026-10-20,WH-HYD-01,90.27,26810.19
INV-PRD0022-BR04,PRD0022,BR04,307,64,1160,Mankind Pharma,BATCH816426,2026-06-14,WH-HYD-01,90.27,27712.89
INV-PRD0022-BR05,PRD0022,BR05,193,31,744,Mankind Pharma,BATCH300480,2026-06-07,WH-HYD-01,90.27,17422.11
INV-PRD0022-BR06,PRD0022,BR06,189,32,647,Mankind Pharma,BATCH997502,2026-11-30,WH-HYD-02,90.27,17061.03
INV-PRD0022-BR07,PRD0022,BR07,308,60,974,Mankind Pharma,BATCH503335,2026-08-16,WH-HYD-01,90.27,27803.16
INV-PRD0022-BR08,PRD0022,BR08,362,89,993,Mankind Pharma,BATCH471429,2025-03-12,WH-HYD-01,90.27,32677.74
INV-PRD0023-BR01,PRD0023,BR01,334,74,1283,Mankind Pharma,BATCH267921,2025-02-06,WH-BLR-01,254.94,85149.96
INV-PRD0023-BR02,PRD0023,BR02,269,58,862,Mankind Pharma,BATCH885753,2026-08-08,WH-HYD-02,254.94,68578.86
INV-PRD0023-BR03,PRD0023,BR03,305,65,793,Mankind Pharma,BATCH361497,2026-08-25,WH-HYD-01,254.94,77756.7
INV-PRD0023-BR04,PRD0023,BR04,199,37,778,Mankind Pharma,BATCH375559,2025-05-09,WH-HYD-02,254.94,50733.06
INV-PRD0023-BR05,PRD0023,BR05,287,54,890,Mankind Pharma,BATCH806703,2025-07-06,WH-CHN-01,254.94,73167.78
INV-PRD0023-BR06,PRD0023,BR06,172,35,478,Mankind Pharma,BATCH249829,2025-11-10,WH-CHN-01,254.94,43849.68
INV-PRD0023-BR07,PRD0023,BR07,360,60,964,Mankind Pharma,BATCH583672,2025-05-26,WH-CHN-01,254.94,91778.4
INV-PRD0023-BR08,PRD0023,BR08,145,31,457,Mankind Pharma,BATCH367741,2026-04-15,WH-CHN-01,254.94,36966.3
INV-PRD0024-BR01,PRD0024,BR01,322,64,928,Sun Pharmaceuticals,BATCH427193,2026-06-26,WH-HYD-01,282.9,91093.8
INV-PRD0024-BR02,PRD0024,BR02,257,47,800,Sun Pharmaceuticals,BATCH932046,2026-06-28,WH-CHN-01,282.9,72705.3
INV-PRD0024-BR03,PRD0024,BR03,228,38,655,Sun Pharmaceuticals,BATCH783574,2025-07-09,WH-HYD-01,282.9,64501.2
INV-PRD0024-BR04,PRD0024,BR04,369,72,946,Sun Pharmaceuticals,BATCH721232,2025-12-30,WH-HYD-02,282.9,104390.1
INV-PRD0024-BR05,PRD0024,BR05,21,5,78,Sun Pharmaceuticals,BATCH768035,2025-07-28,WH-HYD-01,282.9,5940.9
INV-PRD0024-BR06,PRD0024,BR06,96,16,360,Sun Pharmaceuticals,BATCH381578,2025-12-24,WH-HYD-02,282.9,27158.4
INV-PRD0024-BR07,PRD0024,BR07,59,11,233,Sun Pharmaceuticals,BATCH412699,2026-03-05,WH-BLR-01,282.9,16691.1
INV-PRD0024-BR08,PRD0024,BR08,313,55,817,Sun Pharmaceuticals,BATCH491666,2026-07-27,WH-CHN-01,282.9,88547.7
INV-PRD0025-BR01,PRD0025,BR01,335,51,877,Mankind Pharma,BATCH810750,2026-01-25,WH-BLR-01,407.7,136579.5
INV-PRD0025-BR02,PRD0025,BR02,161,29,456,Mankind Pharma,BATCH236167,2026-12-10,WH-BLR-01,407.7,65639.7
INV-PRD0025-BR03,PRD0025,BR03,31,5,91,Mankind Pharma,BATCH652451,2025-07-04,WH-HYD-02,407.7,12638.7
INV-PRD0025-BR04,PRD0025,BR04,345,70,1107,Mankind Pharma,BATCH375044,2025-11-26,WH-CHN-01,407.7,140656.5
INV-PRD0025-BR05,PRD0025,BR05,0,0,0,Mankind Pharma,BATCH975035,2025-07-21,WH-HYD-02,407.7,0.0
INV-PRD0025-BR06,PRD0025,BR06,28,6,75,Mankind Pharma,BATCH198239,2025-07-09,WH-HYD-01,407.7,11415.6
INV-PRD0025-BR07,PRD0025,BR07,135,31,361,Mankind Pharma,BATCH718106,2025-06-08,WH-HYD-02,407.7,55039.5
INV-PRD0025-BR08,PRD0025,BR08,189,31,617,Mankind Pharma,BATCH455847,2025-01-23,WH-HYD-01,407.7,77055.3
INV-PRD0026-BR01,PRD0026,BR01,87,21,249,Cipla Ltd,BATCH650142,2026-11-25,WH-HYD-02,822.12,71524.44
INV-PRD0026-BR02,PRD0026,BR02,204,45,661,Cipla Ltd,BATCH184837,2026-12-02,WH-CHN-01,822.12,167712.48
INV-PRD0026-BR03,PRD0026,BR03,363,73,928,Cipla Ltd,BATCH708835,2026-05-11,WH-HYD-02,822.12,298429.56
INV-PRD0026-BR04,PRD0026,BR04,355,55,1124,Cipla Ltd,BATCH823976,2025-07-11,WH-CHN-01,822.12,291852.6
INV-PRD0026-BR05,PRD0026,BR05,206,45,755,Cipla Ltd,BATCH345226,2025-05-20,WH-CHN-01,822.12,169356.72
INV-PRD0026-BR06,PRD0026,BR06,254,41,710,Cipla Ltd,BATCH611057,2026-11-22,WH-HYD-01,822.12,208818.48
INV-PRD0026-BR07,PRD0026,BR07,315,68,1028,Cipla Ltd,BATCH317624,2026-06-26,WH-HYD-02,822.12,258967.8
INV-PRD0026-BR08,PRD0026,BR08,319,67,1108,Cipla Ltd,BATCH361169,2025-12-14,WH-HYD-01,822.12,262256.28
INV-PRD0027-BR01,PRD0027,BR01,270,47,864,Abbott India,BATCH610323,2026-07-23,WH-HYD-01,310.83,83924.1
INV-PRD0027-BR02,PRD0027,BR02,336,79,1008,Abbott India,BATCH628123,2025-02-03,WH-BLR-01,310.83,104438.88
INV-PRD0027-BR03,PRD0027,BR03,420,95,1270,Abbott India,BATCH577182,2026-09-24,WH-CHN-01,310.83,130548.6
INV-PRD0027-BR04,PRD0027,BR04,162,33,607,Abbott India,BATCH424818,2025-01-07,WH-HYD-01,310.83,50354.46
INV-PRD0027-BR05,PRD0027,BR05,221,35,723,Abbott India,BATCH819018,2026-12-20,WH-BLR-01,310.83,68693.43
INV-PRD0027-BR06,PRD0027,BR06,229,52,888,Abbott India,BATCH454946,2025-05-07,WH-HYD-01,310.83,71180.07
INV-PRD0027-BR07,PRD0027,BR07,192,33,506,Abbott India,BATCH604126,2026-08-02,WH-HYD-01,310.83,59679.36
INV-PRD0027-BR08,PRD0027,BR08,153,24,393,Abbott India,BATCH355167,2026-12-09,WH-CHN-01,310.83,47556.99
INV-PRD0028-BR01,PRD0028,BR01,9,1,33,Abbott India,BATCH694882,2025-09-16,WH-HYD-02,215.3,1937.7
INV-PRD0028-BR02,PRD0028,BR02,337,61,1247,Abbott India,BATCH925383,2026-04-05,WH-CHN-01,215.3,72556.1
INV-PRD0028-BR03,PRD0028,BR03,354,87,1270,Abbott India,BATCH546377,2026-05-21,WH-BLR-01,215.3,76216.2
INV-PRD0028-BR04,PRD0028,BR04,150,23,590,Abbott India,BATCH967733,2025-09-10,WH-CHN-01,215.3,32295.0
INV-PRD0028-BR05,PRD0028,BR05,257,54,969,Abbott India,BATCH913991,2026-05-05,WH-HYD-02,215.3,55332.1
INV-PRD0028-BR06,PRD0028,BR06,314,73,1000,Abbott India,BATCH415109,2026-11-20,WH-CHN-01,215.3,67604.2
INV-PRD0028-BR07,PRD0028,BR07,81,14,234,Abbott India,BATCH552790,2025-01-10,WH-HYD-02,215.3,17439.3
INV-PRD0028-BR08,PRD0028,BR08,3,0,11,Abbott India,BATCH679380,2025-10-17,WH-HYD-01,215.3,645.9
INV-PRD0029-BR01,PRD0029,BR01,401,79,1343,Abbott India,BATCH615074,2025-08-22,WH-HYD-01,55.68,22327.68
INV-PRD0029-BR02,PRD0029,BR02,191,46,593,Abbott India,BATCH688628,2025-05-10,WH-HYD-01,55.68,10634.88
INV-PRD0029-BR03,PRD0029,BR03,217,43,568,Abbott India,BATCH266158,2025-02-18,WH-HYD-01,55.68,12082.56
INV-PRD0029-BR04,PRD0029,BR04,448,76,1289,Abbott India,BATCH398810,2025-11-01,WH-CHN-01,55.68,24944.64
INV-PRD0029-BR05,PRD0029,BR05,145,23,435,Abbott India,BATCH294845,2025-09-16,WH-HYD-02,55.68,8073.6
INV-PRD0029-BR06,PRD0029,BR06,408,72,1299,Abbott India,BATCH173635,2026-12-26,WH-CHN-01,55.68,22717.44
INV-PRD0029-BR07,PRD0029,BR07,3,0,10,Abbott India,BATCH527009,2025-11-18,WH-HYD-01,55.68,167.04
INV-PRD0029-BR08,PRD0029,BR08,340,79,1292,Abbott India,BATCH781742,2025-07-06,WH-BLR-01,55.68,18931.2
INV-PRD0030-BR01,PRD0030,BR01,422,105,1528,Mankind Pharma,BATCH684404,2026-07-28,WH-HYD-01,47.75,20150.5
INV-PRD0030-BR02,PRD0030,BR02,6,1,19,Mankind Pharma,BATCH178069,2026-05-30,WH-CHN-01,47.75,286.5
INV-PRD0030-BR03,PRD0030,BR03,341,54,1074,Mankind Pharma,BATCH329957,2025-08-07,WH-CHN-01,47.75,16282.75
INV-PRD0030-BR04,PRD0030,BR04,398,94,1403,Mankind Pharma,BATCH358568,2026-12-12,WH-CHN-01,47.75,19004.5
INV-PRD0030-BR05,PRD0030,BR05,53,8,181,Mankind Pharma,BATCH918996,2025-10-08,WH-HYD-01,47.75,2530.75
INV-PRD0030-BR06,PRD0030,BR06,345,70,1045,Mankind Pharma,BATCH459298,2025-09-29,WH-CHN-01,47.75,16473.75
INV-PRD0030-BR07,PRD0030,BR07,361,70,1116,Mankind Pharma,BATCH479785,2025-12-10,WH-HYD-02,47.75,17237.75
INV-PRD0030-BR08,PRD0030,BR08,311,60,1216,Mankind Pharma,BATCH629637,2025-08-20,WH-HYD-02,47.75,14850.25
INV-PRD0031-BR01,PRD0031,BR01,52,10,158,Lupin Pharma,BATCH943753,2026-12-15,WH-HYD-02,127.85,6648.2
INV-PRD0031-BR02,PRD0031,BR02,49,8,171,Lupin Pharma,BATCH693044,2026-10-05,WH-HYD-02,127.85,6264.65
INV-PRD0031-BR03,PRD0031,BR03,3,0,7,Lupin Pharma,BATCH395748,2025-10-11,WH-HYD-02,127.85,383.55
INV-PRD0031-BR04,PRD0031,BR04,161,33,631,Lupin Pharma,BATCH291276,2025-09-14,WH-BLR-01,127.85,20583.85
INV-PRD0031-BR05,PRD0031,BR05,203,34,796,Lupin Pharma,BATCH226397,2026-03-21,WH-CHN-01,127.85,25953.55
INV-PRD0031-BR06,PRD0031,BR06,375,67,1131,Lupin Pharma,BATCH682369,2025-01-23,WH-HYD-01,127.85,47943.75
INV-PRD0031-BR07,PRD0031,BR07,22,4,62,Lupin Pharma,BATCH345521,2026-01-02,WH-CHN-01,127.85,2812.7
INV-PRD0031-BR08,PRD0031,BR08,164,25,469,Lupin Pharma,BATCH717716,2026-03-24,WH-BLR-01,127.85,20967.4
INV-PRD0032-BR01,PRD0032,BR01,270,50,856,Cipla Ltd,BATCH418788,2026-01-16,WH-HYD-02,238.11,64289.7
INV-PRD0032-BR02,PRD0032,BR02,210,49,553,Cipla Ltd,BATCH264379,2026-11-17,WH-CHN-01,238.11,50003.1
INV-PRD0032-BR03,PRD0032,BR03,81,17,238,Cipla Ltd,BATCH866667,2025-03-29,WH-CHN-01,238.11,19286.91
INV-PRD0032-BR04,PRD0032,BR04,111,18,346,Cipla Ltd,BATCH649463,2026-01-08,WH-CHN-01,238.11,26430.21
INV-PRD0032-BR05,PRD0032,BR05,489,96,1822,Cipla Ltd,BATCH620122,2025-11-23,WH-HYD-02,238.11,116435.79
INV-PRD0032-BR06,PRD0032,BR06,355,71,1294,Cipla Ltd,BATCH183967,2026-12-14,WH-HYD-02,238.11,84529.05
INV-PRD0032-BR07,PRD0032,BR07,494,98,1856,Cipla Ltd,BATCH274554,2026-01-17,WH-CHN-01,238.11,117626.34
INV-PRD0032-BR08,PRD0032,BR08,88,21,261,Cipla Ltd,BATCH476402,2025-01-18,WH-HYD-01,238.11,20953.68
INV-PRD0033-BR01,PRD0033,BR01,1,0,3,Lupin Pharma,BATCH482612,2026-07-06,WH-BLR-01,111.66,111.66
INV-PRD0033-BR02,PRD0033,BR02,486,121,1341,Lupin Pharma,BATCH322495,2025-02-19,WH-HYD-02,111.66,54266.76
INV-PRD0033-BR03,PRD0033,BR03,369,63,1429,Lupin Pharma,BATCH798672,2025-04-06,WH-CHN-01,111.66,41202.54
INV-PRD0033-BR04,PRD0033,BR04,199,34,599,Lupin Pharma,BATCH513447,2026-06-24,WH-HYD-01,111.66,22220.34
INV-PRD0033-BR05,PRD0033,BR05,90,20,293,Lupin Pharma,BATCH648794,2025-12-02,WH-BLR-01,111.66,10049.4
INV-PRD0033-BR06,PRD0033,BR06,308,73,852,Lupin Pharma,BATCH916642,2026-01-04,WH-HYD-01,111.66,34391.28
INV-PRD0033-BR07,PRD0033,BR07,96,15,360,Lupin Pharma,BATCH527840,2025-10-12,WH-HYD-01,111.66,10719.36
INV-PRD0033-BR08,PRD0033,BR08,68,14,231,Lupin Pharma,BATCH561903,2025-07-09,WH-CHN-01,111.66,7592.88
INV-PRD0034-BR01,PRD0034,BR01,188,33,682,Mankind Pharma,BATCH406049,2025-06-24,WH-BLR-01,81.67,15353.96
INV-PRD0034-BR02,PRD0034,BR02,99,23,378,Mankind Pharma,BATCH718524,2026-12-26,WH-HYD-01,81.67,8085.33
INV-PRD0034-BR03,PRD0034,BR03,211,49,555,Mankind Pharma,BATCH341322,2026-04-20,WH-CHN-01,81.67,17232.37
INV-PRD0034-BR04,PRD0034,BR04,27,6,94,Mankind Pharma,BATCH448546,2026-08-23,WH-BLR-01,81.67,2205.09
INV-PRD0034-BR05,PRD0034,BR05,338,69,970,Mankind Pharma,BATCH683631,2026-07-16,WH-HYD-02,81.67,27604.46
INV-PRD0034-BR06,PRD0034,BR06,66,11,187,Mankind Pharma,BATCH122436,2026-08-02,WH-BLR-01,81.67,5390.22
INV-PRD0034-BR07,PRD0034,BR07,137,24,433,Mankind Pharma,BATCH265047,2025-12-25,WH-BLR-01,81.67,11188.79
INV-PRD0034-BR08,PRD0034,BR08,29,4,114,Mankind Pharma,BATCH519698,2025-03-17,WH-CHN-01,81.67,2368.43
INV-PRD0035-BR01,PRD0035,BR01,332,68,1136,Dr. Reddy's Labs,BATCH588901,2025-05-30,WH-BLR-01,32.89,10919.48
INV-PRD0035-BR02,PRD0035,BR02,288,71,1021,Dr. Reddy's Labs,BATCH213224,2025-01-23,WH-BLR-01,32.89,9472.32
INV-PRD0035-BR03,PRD0035,BR03,270,48,879,Dr. Reddy's Labs,BATCH333892,2026-08-03,WH-BLR-01,32.89,8880.3
INV-PRD0035-BR04,PRD0035,BR04,231,40,820,Dr. Reddy's Labs,BATCH210413,2025-08-12,WH-HYD-02,32.89,7597.59
INV-PRD0035-BR05,PRD0035,BR05,12,2,40,Dr. Reddy's Labs,BATCH352846,2026-10-16,WH-CHN-01,32.89,394.68
INV-PRD0035-BR06,PRD0035,BR06,9,1,33,Dr. Reddy's Labs,BATCH786769,2026-03-22,WH-HYD-02,32.89,296.01
INV-PRD0035-BR07,PRD0035,BR07,115,26,419,Dr. Reddy's Labs,BATCH325914,2026-05-31,WH-HYD-01,32.89,3782.35
INV-PRD0035-BR08,PRD0035,BR08,10,1,34,Dr. Reddy's Labs,BATCH991145,2026-05-21,WH-BLR-01,32.89,328.9
INV-PRD0036-BR01,PRD0036,BR01,227,34,716,Sun Pharmaceuticals,BATCH740502,2025-11-12,WH-HYD-01,130.88,29709.76
INV-PRD0036-BR02,PRD0036,BR02,238,57,842,Sun Pharmaceuticals,BATCH520557,2025-03-02,WH-CHN-01,130.88,31149.44
INV-PRD0036-BR03,PRD0036,BR03,72,17,189,Sun Pharmaceuticals,BATCH160189,2026-05-08,WH-CHN-01,130.88,9423.36
INV-PRD0036-BR04,PRD0036,BR04,189,33,726,Sun Pharmaceuticals,BATCH568446,2026-06-28,WH-HYD-02,130.88,24736.32
INV-PRD0036-BR05,PRD0036,BR05,357,53,1099,Sun Pharmaceuticals,BATCH814091,2025-05-08,WH-BLR-01,130.88,46724.16
INV-PRD0036-BR06,PRD0036,BR06,46,10,161,Sun Pharmaceuticals,BATCH203854,2026-05-26,WH-HYD-02,130.88,6020.48
INV-PRD0036-BR07,PRD0036,BR07,130,25,506,Sun Pharmaceuticals,BATCH498087,2025-11-20,WH-CHN-01,130.88,17014.4
INV-PRD0036-BR08,PRD0036,BR08,262,49,1017,Sun Pharmaceuticals,BATCH854464,2025-07-13,WH-HYD-02,130.88,34290.56
INV-PRD0037-BR01,PRD0037,BR01,4,0,15,Cipla Ltd,BATCH590643,2026-04-22,WH-HYD-01,18.83,75.32
INV-PRD0037-BR02,PRD0037,BR02,56,13,210,Cipla Ltd,BATCH444389,2026-06-10,WH-CHN-01,18.83,1054.48
INV-PRD0037-BR03,PRD0037,BR03,327,57,1240,Cipla Ltd,BATCH978167,2026-01-16,WH-BLR-01,18.83,6157.41
INV-PRD0037-BR04,PRD0037,BR04,304,66,1163,Cipla Ltd,BATCH664231,2026-03-25,WH-BLR-01,18.83,5724.32
INV-PRD0037-BR05,PRD0037,BR05,265,60,948,Cipla Ltd,BATCH495384,2025-12-27,WH-CHN-01,18.83,4989.95
INV-PRD0037-BR06,PRD0037,BR06,83,13,294,Cipla Ltd,BATCH346988,2026-03-03,WH-CHN-01,18.83,1562.89
INV-PRD0037-BR07,PRD0037,BR07,41,7,104,Cipla Ltd,BATCH646209,2025-03-03,WH-CHN-01,18.83,772.03
INV-PRD0037-BR08,PRD0037,BR08,137,23,384,Cipla Ltd,BATCH108552,2026-11-05,WH-CHN-01,18.83,2579.71
INV-PRD0038-BR01,PRD0038,BR01,8,1,23,Abbott India,BATCH228138,2026-06-02,WH-HYD-02,142.81,1142.48
INV-PRD0038-BR02,PRD0038,BR02,273,57,1043,Abbott India,BATCH399161,2026-11-16,WH-HYD-01,142.81,38987.13
INV-PRD0038-BR03,PRD0038,BR03,244,48,879,Abbott India,BATCH589123,2026-05-14,WH-BLR-01,142.81,34845.64
INV-PRD0038-BR04,PRD0038,BR04,60,14,165,Abbott India,BATCH244396,2025-04-28,WH-BLR-01,142.81,8568.6
INV-PRD0038-BR05,PRD0038,BR05,97,19,319,Abbott India,BATCH603759,2025-09-23,WH-CHN-01,142.81,13852.57
INV-PRD0038-BR06,PRD0038,BR06,308,47,816,Abbott India,BATCH582415,2025-09-19,WH-HYD-02,142.81,43985.48
INV-PRD0038-BR07,PRD0038,BR07,221,48,755,Abbott India,BATCH578542,2025-08-20,WH-BLR-01,142.81,31561.01
INV-PRD0038-BR08,PRD0038,BR08,321,76,940,Abbott India,BATCH229925,2026-11-09,WH-BLR-01,142.81,45842.01
INV-PRD0039-BR01,PRD0039,BR01,292,64,762,Lupin Pharma,BATCH570636,2025-04-04,WH-HYD-02,125.2,36558.4
INV-PRD0039-BR02,PRD0039,BR02,136,28,534,Lupin Pharma,BATCH429406,2025-04-16,WH-CHN-01,125.2,17027.2
INV-PRD0039-BR03,PRD0039,BR03,84,13,291,Lupin Pharma,BATCH119506,2025-05-29,WH-BLR-01,125.2,10516.8
INV-PRD0039-BR04,PRD0039,BR04,360,83,1006,Lupin Pharma,BATCH100445,2025-12-02,WH-CHN-01,125.2,45072.0
INV-PRD0039-BR05,PRD0039,BR05,98,17,273,Lupin Pharma,BATCH703685,2025-05-25,WH-HYD-02,125.2,12269.6
INV-PRD0039-BR06,PRD0039,BR06,319,54,1213,Lupin Pharma,BATCH512813,2025-06-28,WH-CHN-01,125.2,39938.8
INV-PRD0039-BR07,PRD0039,BR07,207,42,643,Lupin Pharma,BATCH909046,2025-01-26,WH-BLR-01,125.2,25916.4
INV-PRD0039-BR08,PRD0039,BR08,33,6,90,Lupin Pharma,BATCH196459,2026-05-06,WH-CHN-01,125.2,4131.6
INV-PRD0040-BR01,PRD0040,BR01,93,17,318,Dr. Reddy's Labs,BATCH290102,2025-02-04,WH-CHN-01,66.72,6204.96
INV-PRD0040-BR02,PRD0040,BR02,197,34,568,Dr. Reddy's Labs,BATCH531134,2026-09-28,WH-HYD-01,66.72,13143.84
INV-PRD0040-BR03,PRD0040,BR03,287,70,729,Dr. Reddy's Labs,BATCH902793,2026-04-26,WH-CHN-01,66.72,19148.64
INV-PRD0040-BR04,PRD0040,BR04,321,77,807,Dr. Reddy's Labs,BATCH353535,2025-12-30,WH-HYD-01,66.72,21417.12
INV-PRD0040-BR05,PRD0040,BR05,202,45,671,Dr. Reddy's Labs,BATCH417767,2026-03-08,WH-CHN-01,66.72,13477.44
INV-PRD0040-BR06,PRD0040,BR06,123,20,340,Dr. Reddy's Labs,BATCH515767,2025-02-01,WH-BLR-01,66.72,8206.56
INV-PRD0040-BR07,PRD0040,BR07,43,9,166,Dr. Reddy's Labs,BATCH131787,2026-08-20,WH-BLR-01,66.72,2868.96
INV-PRD0040-BR08,PRD0040,BR08,137,25,461,Dr. Reddy's Labs,BATCH941860,2026-05-18,WH-HYD-02,66.72,9140.64
INV-PRD0041-BR01,PRD0041,BR01,4,0,10,Dr. Reddy's Labs,BATCH208197,2025-09-20,WH-HYD-02,459.27,1837.08
INV-PRD0041-BR02,PRD0041,BR02,76,12,303,Dr. Reddy's Labs,BATCH278663,2026-07-14,WH-HYD-01,459.27,34904.52
INV-PRD0041-BR03,PRD0041,BR03,66,13,184,Dr. Reddy's Labs,BATCH834664,2025-04-17,WH-HYD-02,459.27,30311.82
INV-PRD0041-BR04,PRD0041,BR04,8,1,28,Dr. Reddy's Labs,BATCH271463,2026-09-17,WH-HYD-01,459.27,3674.16
INV-PRD0041-BR05,PRD0041,BR05,101,16,292,Dr. Reddy's Labs,BATCH472611,2026-01-10,WH-HYD-02,459.27,46386.27
INV-PRD0041-BR06,PRD0041,BR06,34,6,110,Dr. Reddy's Labs,BATCH763732,2025-04-14,WH-BLR-01,459.27,15615.18
INV-PRD0041-BR07,PRD0041,BR07,60,11,202,Dr. Reddy's Labs,BATCH539108,2026-11-13,WH-HYD-01,459.27,27556.2
INV-PRD0041-BR08,PRD0041,BR08,134,22,444,Dr. Reddy's Labs,BATCH277636,2026-11-04,WH-HYD-02,459.27,61542.18
INV-PRD0042-BR01,PRD0042,BR01,61,9,161,Cipla Ltd,BATCH945306,2025-09-09,WH-BLR-01,165.94,10122.34
INV-PRD0042-BR02,PRD0042,BR02,41,7,116,Cipla Ltd,BATCH768220,2025-02-17,WH-CHN-01,165.94,6803.54
INV-PRD0042-BR03,PRD0042,BR03,143,33,386,Cipla Ltd,BATCH940458,2025-08-15,WH-HYD-02,165.94,23729.42
INV-PRD0042-BR04,PRD0042,BR04,206,44,636,Cipla Ltd,BATCH986682,2025-12-21,WH-HYD-01,165.94,34183.64
INV-PRD0042-BR05,PRD0042,BR05,145,26,401,Cipla Ltd,BATCH570878,2025-06-29,WH-HYD-02,165.94,24061.3
INV-PRD0042-BR06,PRD0042,BR06,107,26,269,Cipla Ltd,BATCH557063,2026-06-18,WH-BLR-01,165.94,17755.58
INV-PRD0042-BR07,PRD0042,BR07,205,40,700,Cipla Ltd,BATCH380757,2025-05-18,WH-BLR-01,165.94,34017.7
INV-PRD0042-BR08,PRD0042,BR08,79,15,272,Cipla Ltd,BATCH188053,2026-07-13,WH-CHN-01,165.94,13109.26
INV-PRD0043-BR01,PRD0043,BR01,11,1,31,Cipla Ltd,BATCH866884,2026-01-28,WH-CHN-01,172.49,1897.39
INV-PRD0043-BR02,PRD0043,BR02,34,7,133,Cipla Ltd,BATCH181593,2025-04-08,WH-BLR-01,172.49,5864.66
INV-PRD0043-BR03,PRD0043,BR03,1,0,2,Cipla Ltd,BATCH800832,2025-12-06,WH-HYD-02,172.49,172.49
INV-PRD0043-BR04,PRD0043,BR04,143,30,383,Cipla Ltd,BATCH322246,2026-03-13,WH-BLR-01,172.49,24666.07
INV-PRD0043-BR05,PRD0043,BR05,73,14,202,Cipla Ltd,BATCH479588,2025-10-07,WH-BLR-01,172.49,12591.77
INV-PRD0043-BR06,PRD0043,BR06,13,2,48,Cipla Ltd,BATCH957952,2025-05-03,WH-HYD-01,172.49,2242.37
INV-PRD0043-BR07,PRD0043,BR07,49,10,139,Cipla Ltd,BATCH577061,2026-07-30,WH-HYD-02,172.49,8452.01
INV-PRD0043-BR08,PRD0043,BR08,6,1,15,Cipla Ltd,BATCH731235,2025-04-27,WH-HYD-02,172.49,1034.94
INV-PRD0044-BR01,PRD0044,BR01,11,1,29,Dr. Reddy's Labs,BATCH812662,2025-05-29,WH-HYD-02,395.64,4352.04
INV-PRD0044-BR02,PRD0044,BR02,222,45,609,Dr. Reddy's Labs,BATCH374883,2025-09-21,WH-HYD-02,395.64,87832.08
INV-PRD0044-BR03,PRD0044,BR03,38,5,127,Dr. Reddy's Labs,BATCH969689,2026-03-06,WH-CHN-01,395.64,15034.32
INV-PRD0044-BR04,PRD0044,BR04,92,14,330,Dr. Reddy's Labs,BATCH827254,2026-09-12,WH-HYD-01,395.64,36398.88
INV-PRD0044-BR05,PRD0044,BR05,71,13,177,Dr. Reddy's Labs,BATCH846172,2026-05-26,WH-CHN-01,395.64,28090.44
INV-PRD0044-BR06,PRD0044,BR06,88,19,233,Dr. Reddy's Labs,BATCH874868,2026-05-06,WH-BLR-01,395.64,34816.32
INV-PRD0044-BR07,PRD0044,BR07,31,6,109,Dr. Reddy's Labs,BATCH192494,2025-08-18,WH-BLR-01,395.64,12264.84
INV-PRD0044-BR08,PRD0044,BR08,108,25,279,Dr. Reddy's Labs,BATCH802416,2026-03-12,WH-BLR-01,395.64,42729.12
INV-PRD0045-BR01,PRD0045,BR01,157,32,439,Sun Pharmaceuticals,BATCH430582,2025-09-25,WH-BLR-01,449.97,70645.29
INV-PRD0045-BR02,PRD0045,BR02,241,56,773,Sun Pharmaceuticals,BATCH237510,2025-03-17,WH-HYD-01,449.97,108442.77
INV-PRD0045-BR03,PRD0045,BR03,25,4,63,Sun Pharmaceuticals,BATCH757807,2026-12-05,WH-CHN-01,449.97,11249.25
INV-PRD0045-BR04,PRD0045,BR04,249,52,912,Sun Pharmaceuticals,BATCH576402,2025-09-26,WH-HYD-02,449.97,112042.53
INV-PRD0045-BR05,PRD0045,BR05,124,30,459,Sun Pharmaceuticals,BATCH349981,2025-06-19,WH-HYD-01,449.97,55796.28
INV-PRD0045-BR06,PRD0045,BR06,130,23,507,Sun Pharmaceuticals,BATCH386126,2025-09-09,WH-CHN-01,449.97,58496.1
INV-PRD0045-BR07,PRD0045,BR07,65,13,249,Sun Pharmaceuticals,BATCH974434,2026-05-19,WH-HYD-02,449.97,29248.05
INV-PRD0045-BR08,PRD0045,BR08,164,31,492,Sun Pharmaceuticals,BATCH805441,2026-05-11,WH-HYD-01,449.97,73795.08
INV-PRD0046-BR01,PRD0046,BR01,170,30,521,Sun Pharmaceuticals,BATCH212686,2026-04-18,WH-BLR-01,98.16,16687.2
INV-PRD0046-BR02,PRD0046,BR02,100,19,320,Sun Pharmaceuticals,BATCH115825,2026-05-05,WH-BLR-01,98.16,9816.0
INV-PRD0046-BR03,PRD0046,BR03,32,6,119,Sun Pharmaceuticals,BATCH351547,2025-04-14,WH-BLR-01,98.16,3141.12
INV-PRD0046-BR04,PRD0046,BR04,55,9,169,Sun Pharmaceuticals,BATCH882247,2026-04-06,WH-HYD-02,98.16,5398.8
INV-PRD0046-BR05,PRD0046,BR05,166,41,552,Sun Pharmaceuticals,BATCH814454,2025-04-13,WH-BLR-01,98.16,16294.56
INV-PRD0046-BR06,PRD0046,BR06,124,22,431,Sun Pharmaceuticals,BATCH958738,2026-07-15,WH-HYD-02,98.16,12171.84
INV-PRD0046-BR07,PRD0046,BR07,111,22,357,Sun Pharmaceuticals,BATCH503242,2026-07-10,WH-BLR-01,98.16,10895.76
INV-PRD0046-BR08,PRD0046,BR08,222,43,684,Sun Pharmaceuticals,BATCH825030,2026-10-07,WH-HYD-02,98.16,21791.52
INV-PRD0047-BR01,PRD0047,BR01,34,7,115,Lupin Pharma,BATCH708647,2026-11-05,WH-BLR-01,274.67,9338.78
INV-PRD0047-BR02,PRD0047,BR02,111,27,353,Lupin Pharma,BATCH815169,2025-04-16,WH-BLR-01,274.67,30488.37
INV-PRD0047-BR03,PRD0047,BR03,217,44,601,Lupin Pharma,BATCH470660,2026-09-18,WH-CHN-01,274.67,59603.39
INV-PRD0047-BR04,PRD0047,BR04,193,35,535,Lupin Pharma,BATCH923354,2026-04-06,WH-HYD-01,274.67,53011.31
INV-PRD0047-BR05,PRD0047,BR05,128,29,477,Lupin Pharma,BATCH288859,2025-09-22,WH-HYD-02,274.67,35157.76
INV-PRD0047-BR06,PRD0047,BR06,120,18,304,Lupin Pharma,BATCH112705,2025-12-22,WH-HYD-01,274.67,32960.4
INV-PRD0047-BR07,PRD0047,BR07,176,34,507,Lupin Pharma,BATCH761821,2026-07-05,WH-BLR-01,274.67,48341.92
INV-PRD0047-BR08,PRD0047,BR08,178,32,505,Lupin Pharma,BATCH890295,2025-03-20,WH-BLR-01,274.67,48891.26
INV-PRD0048-BR01,PRD0048,BR01,132,21,424,Sun Pharmaceuticals,BATCH801826,2025-03-27,WH-BLR-01,271.98,35901.36
INV-PRD0048-BR02,PRD0048,BR02,97,18,291,Sun Pharmaceuticals,BATCH590479,2026-11-24,WH-HYD-01,271.98,26382.06
INV-PRD0048-BR03,PRD0048,BR03,68,10,176,Sun Pharmaceuticals,BATCH204234,2026-08-18,WH-CHN-01,271.98,18494.64
INV-PRD0048-BR04,PRD0048,BR04,170,31,523,Sun Pharmaceuticals,BATCH156051,2026-06-18,WH-HYD-01,271.98,46236.6
INV-PRD0048-BR05,PRD0048,BR05,218,34,772,Sun Pharmaceuticals,BATCH457985,2026-09-06,WH-HYD-02,271.98,59291.64
INV-PRD0048-BR06,PRD0048,BR06,44,9,115,Sun Pharmaceuticals,BATCH149278,2026-10-27,WH-CHN-01,271.98,11967.12
INV-PRD0048-BR07,PRD0048,BR07,200,38,792,Sun Pharmaceuticals,BATCH518277,2026-11-20,WH-BLR-01,271.98,54396.0
INV-PRD0048-BR08,PRD0048,BR08,122,19,352,Sun Pharmaceuticals,BATCH299379,2025-01-24,WH-HYD-02,271.98,33181.56
INV-PRD0049-BR01,PRD0049,BR01,228,35,654,Dr. Reddy's Labs,BATCH933016,2025-08-31,WH-BLR-01,197.01,44918.28
INV-PRD0049-BR02,PRD0049,BR02,74,15,277,Dr. Reddy's Labs,BATCH766318,2025-12-01,WH-HYD-01,197.01,14578.74
INV-PRD0049-BR03,PRD0049,BR03,78,15,258,Dr. Reddy's Labs,BATCH784428,2026-10-05,WH-HYD-01,197.01,15366.78
INV-PRD0049-BR04,PRD0049,BR04,82,12,255,Dr. Reddy's Labs,BATCH894076,2025-07-02,WH-HYD-02,197.01,16154.82
INV-PRD0049-BR05,PRD0049,BR05,12,2,35,Dr. Reddy's Labs,BATCH814216,2025-07-02,WH-HYD-01,197.01,2364.12
INV-PRD0049-BR06,PRD0049,BR06,36,8,128,Dr. Reddy's Labs,BATCH554616,2026-03-06,WH-HYD-01,197.01,7092.36
INV-PRD0049-BR07,PRD0049,BR07,142,33,520,Dr. Reddy's Labs,BATCH794458,2026-08-01,WH-CHN-01,197.01,27975.42
INV-PRD0049-BR08,PRD0049,BR08,48,9,153,Dr. Reddy's Labs,BATCH612453,2025-01-15,WH-HYD-02,197.01,9456.48
INV-PRD0050-BR01,PRD0050,BR01,132,22,366,Dr. Reddy's Labs,BATCH540716,2026-06-24,WH-BLR-01,52.12,6879.84
INV-PRD0050-BR02,PRD0050,BR02,28,6,104,Dr. Reddy's Labs,BATCH360010,2025-04-13,WH-HYD-01,52.12,1459.36
INV-PRD0050-BR03,PRD0050,BR03,10,1,27,Dr. Reddy's Labs,BATCH872287,2026-02-08,WH-CHN-01,52.12,521.2
INV-PRD0050-BR04,PRD0050,BR04,34,5,88,Dr. Reddy's Labs,BATCH287143,2025-12-25,WH-HYD-01,52.12,1772.08
INV-PRD0050-BR05,PRD0050,BR05,137,33,518,Dr. Reddy's Labs,BATCH979883,2025-04-24,WH-CHN-01,52.12,7140.44
INV-PRD0050-BR06,PRD0050,BR06,81,18,281,Dr. Reddy's Labs,BATCH845896,2025-10-14,WH-BLR-01,52.12,4221.72
INV-PRD0050-BR07,PRD0050,BR07,141,34,480,Dr. Reddy's Labs,BATCH941847,2026-01-13,WH-BLR-01,52.12,7348.92
INV-PRD0050-BR08,PRD0050,BR08,44,6,152,Dr. Reddy's Labs,BATCH517146,2026-02-19,WH-CHN-01,52.12,2293.28
INV-PRD0051-BR01,PRD0051,BR01,187,28,645,Mankind Pharma,BATCH500540,2026-06-03,WH-BLR-01,63.55,11883.85
INV-PRD0051-BR02,PRD0051,BR02,196,30,740,Mankind Pharma,BATCH499276,2025-05-30,WH-HYD-01,63.55,12455.8
INV-PRD0051-BR03,PRD0051,BR03,177,42,466,Mankind Pharma,BATCH775173,2025-11-07,WH-HYD-02,63.55,11248.35
INV-PRD0051-BR04,PRD0051,BR04,100,21,258,Mankind Pharma,BATCH657458,2026-09-28,WH-HYD-02,63.55,6355.0
INV-PRD0051-BR05,PRD0051,BR05,174,30,578,Mankind Pharma,BATCH223604,2025-01-09,WH-HYD-01,63.55,11057.7
INV-PRD0051-BR06,PRD0051,BR06,222,36,580,Mankind Pharma,BATCH126659,2025-06-22,WH-BLR-01,63.55,14108.1
INV-PRD0051-BR07,PRD0051,BR07,184,40,635,Mankind Pharma,BATCH861701,2025-12-29,WH-HYD-01,63.55,11693.2
INV-PRD0051-BR08,PRD0051,BR08,41,7,114,Mankind Pharma,BATCH870545,2025-02-06,WH-BLR-01,63.55,2605.55
INV-PRD0052-BR01,PRD0052,BR01,168,40,610,Dr. Reddy's Labs,BATCH810941,2026-11-23,WH-CHN-01,243.23,40862.64
INV-PRD0052-BR02,PRD0052,BR02,15,3,58,Dr. Reddy's Labs,BATCH893085,2025-10-07,WH-BLR-01,243.23,3648.45
INV-PRD0052-BR03,PRD0052,BR03,180,40,535,Dr. Reddy's Labs,BATCH944686,2026-04-26,WH-HYD-02,243.23,43781.4
INV-PRD0052-BR04,PRD0052,BR04,35,7,125,Dr. Reddy's Labs,BATCH763990,2025-11-23,WH-BLR-01,243.23,8513.05
INV-PRD0052-BR05,PRD0052,BR05,86,17,253,Dr. Reddy's Labs,BATCH958091,2026-01-11,WH-HYD-02,243.23,20917.78
INV-PRD0052-BR06,PRD0052,BR06,234,49,877,Dr. Reddy's Labs,BATCH396070,2025-12-04,WH-CHN-01,243.23,56915.82
INV-PRD0052-BR07,PRD0052,BR07,239,41,942,Dr. Reddy's Labs,BATCH664183,2025-07-21,WH-HYD-01,243.23,58131.97
INV-PRD0052-BR08,PRD0052,BR08,17,2,60,Dr. Reddy's Labs,BATCH377415,2025-07-19,WH-HYD-02,243.23,4134.91
INV-PRD0053-BR01,PRD0053,BR01,71,11,267,Sun Pharmaceuticals,BATCH925781,2025-02-16,WH-CHN-01,538.79,38254.09
INV-PRD0053-BR02,PRD0053,BR02,71,14,185,Sun Pharmaceuticals,BATCH511722,2026-03-20,WH-CHN-01,538.79,38254.09
INV-PRD0053-BR03,PRD0053,BR03,17,4,48,Sun Pharmaceuticals,BATCH464083,2026-08-17,WH-HYD-02,538.79,9159.43
INV-PRD0053-BR04,PRD0053,BR04,161,29,447,Sun Pharmaceuticals,BATCH928272,2025-11-09,WH-HYD-01,538.79,86745.19
INV-PRD0053-BR05,PRD0053,BR05,162,40,592,Sun Pharmaceuticals,BATCH458087,2026-03-13,WH-HYD-01,538.79,87283.98
INV-PRD0053-BR06,PRD0053,BR06,1,0,3,Sun Pharmaceuticals,BATCH312150,2025-03-26,WH-HYD-01,538.79,538.79
INV-PRD0053-BR07,PRD0053,BR07,242,39,844,Sun Pharmaceuticals,BATCH271813,2025-09-26,WH-HYD-01,538.79,130387.18
INV-PRD0053-BR08,PRD0053,BR08,38,8,150,Sun Pharmaceuticals,BATCH336060,2026-07-18,WH-HYD-02,538.79,20474.02
INV-PRD0054-BR01,PRD0054,BR01,64,14,225,Abbott India,BATCH680271,2025-04-28,WH-HYD-01,321.24,20559.36
INV-PRD0054-BR02,PRD0054,BR02,130,27,425,Abbott India,BATCH828382,2026-08-08,WH-HYD-01,321.24,41761.2
INV-PRD0054-BR03,PRD0054,BR03,114,17,355,Abbott India,BATCH121703,2025-10-06,WH-BLR-01,321.24,36621.36
INV-PRD0054-BR04,PRD0054,BR04,19,3,51,Abbott India,BATCH517131,2026-01-31,WH-BLR-01,321.24,6103.56
INV-PRD0054-BR05,PRD0054,BR05,188,36,658,Abbott India,BATCH233033,2025-11-24,WH-HYD-01,321.24,60393.12
INV-PRD0054-BR06,PRD0054,BR06,78,12,291,Abbott India,BATCH836486,2025-11-14,WH-CHN-01,321.24,25056.72
INV-PRD0054-BR07,PRD0054,BR07,125,24,493,Abbott India,BATCH656585,2026-10-17,WH-HYD-01,321.24,40155.0
INV-PRD0054-BR08,PRD0054,BR08,17,3,54,Abbott India,BATCH549744,2025-11-19,WH-HYD-02,321.24,5461.08
INV-PRD0055-BR01,PRD0055,BR01,176,39,481,Lupin Pharma,BATCH259636,2026-06-20,WH-CHN-01,168.2,29603.2
INV-PRD0055-BR02,PRD0055,BR02,82,16,224,Lupin Pharma,BATCH176222,2025-11-18,WH-HYD-01,168.2,13792.4
INV-PRD0055-BR03,PRD0055,BR03,84,19,274,Lupin Pharma,BATCH660077,2026-07-22,WH-CHN-01,168.2,14128.8
INV-PRD0055-BR04,PRD0055,BR04,8,1,30,Lupin Pharma,BATCH874033,2026-08-03,WH-BLR-01,168.2,1345.6
INV-PRD0055-BR05,PRD0055,BR05,30,5,105,Lupin Pharma,BATCH466915,2026-05-01,WH-BLR-01,168.2,5046.0
INV-PRD0055-BR06,PRD0055,BR06,60,13,199,Lupin Pharma,BATCH766681,2025-09-19,WH-CHN-01,168.2,10092.0
INV-PRD0055-BR07,PRD0055,BR07,210,36,757,Lupin Pharma,BATCH432931,2025-09-23,WH-CHN-01,168.2,35322.0
INV-PRD0055-BR08,PRD0055,BR08,242,53,788,Lupin Pharma,BATCH711258,2025-03-31,WH-CHN-01,168.2,40704.4
INV-PRD0056-BR01,PRD0056,BR01,135,22,477,Mankind Pharma,BATCH969927,2026-12-15,WH-BLR-01,204.62,27623.7
INV-PRD0056-BR02,PRD0056,BR02,217,38,826,Mankind Pharma,BATCH335461,2026-01-18,WH-HYD-02,204.62,44402.54
INV-PRD0056-BR03,PRD0056,BR03,10,1,37,Mankind Pharma,BATCH204699,2026-01-16,WH-BLR-01,204.62,2046.2
INV-PRD0056-BR04,PRD0056,BR04,202,46,534,Mankind Pharma,BATCH470082,2025-04-09,WH-HYD-01,204.62,41333.24
INV-PRD0056-BR05,PRD0056,BR05,10,1,26,Mankind Pharma,BATCH775423,2026-06-29,WH-HYD-01,204.62,2046.2
INV-PRD0056-BR06,PRD0056,BR06,239,49,860,Mankind Pharma,BATCH761829,2025-10-12,WH-HYD-02,204.62,48904.18
INV-PRD0056-BR07,PRD0056,BR07,228,52,689,Mankind Pharma,BATCH421867,2026-11-30,WH-CHN-01,204.62,46653.36
INV-PRD0056-BR08,PRD0056,BR08,7,1,26,Mankind Pharma,BATCH836119,2025-11-01,WH-HYD-01,204.62,1432.34
INV-PRD0057-BR01,PRD0057,BR01,134,27,400,Sun Pharmaceuticals,BATCH817986,2026-12-18,WH-HYD-02,166.9,22364.6
INV-PRD0057-BR02,PRD0057,BR02,284,60,763,Sun Pharmaceuticals,BATCH196076,2025-12-15,WH-CHN-01,166.9,47399.6
INV-PRD0057-BR03,PRD0057,BR03,196,35,568,Sun Pharmaceuticals,BATCH294179,2025-04-09,WH-HYD-01,166.9,32712.4
INV-PRD0057-BR04,PRD0057,BR04,167,29,626,Sun Pharmaceuticals,BATCH156171,2025-03-18,WH-HYD-02,166.9,27872.3
INV-PRD0057-BR05,PRD0057,BR05,155,33,490,Sun Pharmaceuticals,BATCH468426,2025-12-30,WH-HYD-01,166.9,25869.5
INV-PRD0057-BR06,PRD0057,BR06,56,10,183,Sun Pharmaceuticals,BATCH309751,2025-07-20,WH-BLR-01,166.9,9346.4
INV-PRD0057-BR07,PRD0057,BR07,130,23,424,Sun Pharmaceuticals,BATCH437360,2026-05-08,WH-CHN-01,166.9,21697.0
INV-PRD0057-BR08,PRD0057,BR08,35,7,93,Sun Pharmaceuticals,BATCH564441,2025-12-24,WH-HYD-02,166.9,5841.5
INV-PRD0058-BR01,PRD0058,BR01,224,50,865,Lupin Pharma,BATCH835347,2025-03-03,WH-BLR-01,122.66,27475.84
INV-PRD0058-BR02,PRD0058,BR02,273,67,1049,Lupin Pharma,BATCH506470,2025-11-04,WH-HYD-02,122.66,33486.18
INV-PRD0058-BR03,PRD0058,BR03,94,18,366,Lupin Pharma,BATCH881387,2026-09-09,WH-BLR-01,122.66,11530.04
INV-PRD0058-BR04,PRD0058,BR04,3,0,10,Lupin Pharma,BATCH624053,2025-10-26,WH-BLR-01,122.66,367.98
INV-PRD0058-BR05,PRD0058,BR05,111,21,372,Lupin Pharma,BATCH509824,2025-01-11,WH-HYD-02,122.66,13615.26
INV-PRD0058-BR06,PRD0058,BR06,206,36,660,Lupin Pharma,BATCH125355,2025-12-24,WH-HYD-02,122.66,25267.96
INV-PRD0058-BR07,PRD0058,BR07,207,51,824,Lupin Pharma,BATCH541057,2026-02-23,WH-HYD-02,122.66,25390.62
INV-PRD0058-BR08,PRD0058,BR08,24,5,95,Lupin Pharma,BATCH427333,2025-04-21,WH-BLR-01,122.66,2943.84
INV-PRD0059-BR01,PRD0059,BR01,87,17,346,Sun Pharmaceuticals,BATCH246649,2025-06-19,WH-CHN-01,121.46,10567.02
INV-PRD0059-BR02,PRD0059,BR02,123,22,491,Sun Pharmaceuticals,BATCH207036,2025-07-15,WH-HYD-02,121.46,14939.58
INV-PRD0059-BR03,PRD0059,BR03,311,50,779,Sun Pharmaceuticals,BATCH802969,2025-05-20,WH-CHN-01,121.46,37774.06
INV-PRD0059-BR04,PRD0059,BR04,135,29,343,Sun Pharmaceuticals,BATCH107361,2026-05-17,WH-BLR-01,121.46,16397.1
INV-PRD0059-BR05,PRD0059,BR05,276,50,740,Sun Pharmaceuticals,BATCH373924,2026-05-10,WH-CHN-01,121.46,33522.96
INV-PRD0059-BR06,PRD0059,BR06,6,1,20,Sun Pharmaceuticals,BATCH418086,2025-07-03,WH-CHN-01,121.46,728.76
INV-PRD0059-BR07,PRD0059,BR07,133,29,393,Sun Pharmaceuticals,BATCH899582,2026-06-19,WH-HYD-01,121.46,16154.18
INV-PRD0059-BR08,PRD0059,BR08,323,56,885,Sun Pharmaceuticals,BATCH599818,2026-02-04,WH-BLR-01,121.46,39231.58
INV-PRD0060-BR01,PRD0060,BR01,1,0,2,Mankind Pharma,BATCH821078,2025-08-05,WH-HYD-02,148.92,148.92
INV-PRD0060-BR02,PRD0060,BR02,67,14,246,Mankind Pharma,BATCH373207,2025-08-31,WH-CHN-01,148.92,9977.64
INV-PRD0060-BR03,PRD0060,BR03,120,26,463,Mankind Pharma,BATCH756006,2026-01-04,WH-HYD-01,148.92,17870.4
INV-PRD0060-BR04,PRD0060,BR04,158,23,448,Mankind Pharma,BATCH816125,2025-11-12,WH-BLR-01,148.92,23529.36
INV-PRD0060-BR05,PRD0060,BR05,289,49,908,Mankind Pharma,BATCH536194,2026-09-06,WH-CHN-01,148.92,43037.88
INV-PRD0060-BR06,PRD0060,BR06,71,11,247,Mankind Pharma,BATCH412598,2026-09-23,WH-HYD-01,148.92,10573.32
INV-PRD0060-BR07,PRD0060,BR07,290,60,776,Mankind Pharma,BATCH287485,2026-03-02,WH-CHN-01,148.92,43186.8
INV-PRD0060-BR08,PRD0060,BR08,227,39,750,Mankind Pharma,BATCH910575,2025-12-10,WH-HYD-02,148.92,33804.84
INV-PRD0061-BR01,PRD0061,BR01,116,20,361,Dr. Reddy's Labs,BATCH285032,2026-10-04,WH-HYD-02,151.41,17563.56
INV-PRD0061-BR02,PRD0061,BR02,94,19,294,Dr. Reddy's Labs,BATCH966238,2026-05-27,WH-HYD-01,151.41,14232.54
INV-PRD0061-BR03,PRD0061,BR03,214,37,647,Dr. Reddy's Labs,BATCH298179,2026-12-06,WH-BLR-01,151.41,32401.74
INV-PRD0061-BR04,PRD0061,BR04,174,30,692,Dr. Reddy's Labs,BATCH544509,2025-02-19,WH-BLR-01,151.41,26345.34
INV-PRD0061-BR05,PRD0061,BR05,175,43,473,Dr. Reddy's Labs,BATCH203501,2025-05-25,WH-HYD-01,151.41,26496.75
INV-PRD0061-BR06,PRD0061,BR06,357,76,1304,Dr. Reddy's Labs,BATCH785897,2025-03-21,WH-HYD-01,151.41,54053.37
INV-PRD0061-BR07,PRD0061,BR07,308,55,984,Dr. Reddy's Labs,BATCH695772,2026-04-24,WH-HYD-01,151.41,46634.28
INV-PRD0061-BR08,PRD0061,BR08,42,9,137,Dr. Reddy's Labs,BATCH346727,2025-02-10,WH-BLR-01,151.41,6359.22
INV-PRD0062-BR01,PRD0062,BR01,148,23,504,Abbott India,BATCH844521,2025-08-23,WH-HYD-01,57.18,8462.64
INV-PRD0062-BR02,PRD0062,BR02,368,60,1109,Abbott India,BATCH597891,2025-06-08,WH-HYD-01,57.18,21042.24
INV-PRD0062-BR03,PRD0062,BR03,252,42,875,Abbott India,BATCH831179,2025-01-11,WH-HYD-01,57.18,14409.36
INV-PRD0062-BR04,PRD0062,BR04,5,1,18,Abbott India,BATCH304090,2025-12-13,WH-HYD-01,57.18,285.9
INV-PRD0062-BR05,PRD0062,BR05,195,42,601,Abbott India,BATCH384595,2026-05-25,WH-CHN-01,57.18,11150.1
INV-PRD0062-BR06,PRD0062,BR06,130,26,501,Abbott India,BATCH651719,2025-08-08,WH-HYD-01,57.18,7433.4
INV-PRD0062-BR07,PRD0062,BR07,284,68,1022,Abbott India,BATCH724008,2025-04-15,WH-HYD-02,57.18,16239.12
INV-PRD0062-BR08,PRD0062,BR08,312,61,1087,Abbott India,BATCH374123,2026-07-26,WH-HYD-01,57.18,17840.16
INV-PRD0063-BR01,PRD0063,BR01,169,32,431,Mankind Pharma,BATCH682849,2026-06-16,WH-BLR-01,130.93,22127.17
INV-PRD0063-BR02,PRD0063,BR02,29,4,84,Mankind Pharma,BATCH541221,2025-08-04,WH-BLR-01,130.93,3796.97
INV-PRD0063-BR03,PRD0063,BR03,156,36,556,Mankind Pharma,BATCH434480,2025-10-30,WH-CHN-01,130.93,20425.08
INV-PRD0063-BR04,PRD0063,BR04,185,29,507,Mankind Pharma,BATCH349563,2026-03-28,WH-CHN-01,130.93,24222.05
INV-PRD0063-BR05,PRD0063,BR05,206,50,794,Mankind Pharma,BATCH145873,2026-07-31,WH-HYD-01,130.93,26971.58
INV-PRD0063-BR06,PRD0063,BR06,208,42,819,Mankind Pharma,BATCH670163,2025-10-04,WH-HYD-01,130.93,27233.44
INV-PRD0063-BR07,PRD0063,BR07,164,32,411,Mankind Pharma,BATCH905731,2026-09-27,WH-HYD-01,130.93,21472.52
INV-PRD0063-BR08,PRD0063,BR08,37,7,126,Mankind Pharma,BATCH100484,2025-08-05,WH-BLR-01,130.93,4844.41
INV-PRD0064-BR01,PRD0064,BR01,20,3,51,Dr. Reddy's Labs,BATCH516592,2025-06-18,WH-CHN-01,393.83,7876.6
INV-PRD0064-BR02,PRD0064,BR02,173,37,492,Dr. Reddy's Labs,BATCH892470,2026-01-27,WH-HYD-02,393.83,68132.59
INV-PRD0064-BR03,PRD0064,BR03,30,6,78,Dr. Reddy's Labs,BATCH668740,2025-05-07,WH-HYD-01,393.83,11814.9
INV-PRD0064-BR04,PRD0064,BR04,12,2,41,Dr. Reddy's Labs,BATCH315029,2025-06-27,WH-CHN-01,393.83,4725.96
INV-PRD0064-BR05,PRD0064,BR05,55,12,171,Dr. Reddy's Labs,BATCH218330,2026-03-27,WH-BLR-01,393.83,21660.65
INV-PRD0064-BR06,PRD0064,BR06,32,6,95,Dr. Reddy's Labs,BATCH171053,2026-12-23,WH-HYD-01,393.83,12602.56
INV-PRD0064-BR07,PRD0064,BR07,7,1,19,Dr. Reddy's Labs,BATCH869501,2025-06-04,WH-HYD-02,393.83,2756.81
INV-PRD0064-BR08,PRD0064,BR08,62,14,244,Dr. Reddy's Labs,BATCH723223,2026-12-22,WH-BLR-01,393.83,24417.46
INV-PRD0065-BR01,PRD0065,BR01,202,37,521,Mankind Pharma,BATCH448266,2025-10-27,WH-HYD-02,51.52,10407.04
INV-PRD0065-BR02,PRD0065,BR02,32,7,92,Mankind Pharma,BATCH509408,2025-03-09,WH-HYD-02,51.52,1648.64
INV-PRD0065-BR03,PRD0065,BR03,156,27,452,Mankind Pharma,BATCH786826,2025-12-06,WH-BLR-01,51.52,8037.12
INV-PRD0065-BR04,PRD0065,BR04,9,1,34,Mankind Pharma,BATCH738976,2026-01-28,WH-HYD-02,51.52,463.68
INV-PRD0065-BR05,PRD0065,BR05,36,5,124,Mankind Pharma,BATCH480887,2026-07-04,WH-BLR-01,51.52,1854.72
INV-PRD0065-BR06,PRD0065,BR06,131,20,482,Mankind Pharma,BATCH781007,2025-03-26,WH-HYD-02,51.52,6749.12
INV-PRD0065-BR07,PRD0065,BR07,99,24,323,Mankind Pharma,BATCH640687,2026-11-28,WH-HYD-01,51.52,5100.48
INV-PRD0065-BR08,PRD0065,BR08,156,35,562,Mankind Pharma,BATCH436781,2025-04-14,WH-CHN-01,51.52,8037.12
INV-PRD0066-BR01,PRD0066,BR01,117,20,410,Cipla Ltd,BATCH767151,2025-04-10,WH-HYD-02,187.25,21908.25
INV-PRD0066-BR02,PRD0066,BR02,241,40,694,Cipla Ltd,BATCH854529,2025-05-15,WH-HYD-01,187.25,45127.25
INV-PRD0066-BR03,PRD0066,BR03,110,20,426,Cipla Ltd,BATCH549415,2026-02-03,WH-CHN-01,187.25,20597.5
INV-PRD0066-BR04,PRD0066,BR04,103,18,298,Cipla Ltd,BATCH144195,2025-01-25,WH-HYD-02,187.25,19286.75
INV-PRD0066-BR05,PRD0066,BR05,210,37,613,Cipla Ltd,BATCH815369,2025-03-10,WH-HYD-01,187.25,39322.5
INV-PRD0066-BR06,PRD0066,BR06,60,12,196,Cipla Ltd,BATCH184805,2025-08-13,WH-HYD-01,187.25,11235.0
INV-PRD0066-BR07,PRD0066,BR07,80,17,244,Cipla Ltd,BATCH756759,2026-08-31,WH-HYD-02,187.25,14980.0
INV-PRD0066-BR08,PRD0066,BR08,237,57,674,Cipla Ltd,BATCH415465,2025-09-20,WH-CHN-01,187.25,44378.25
INV-PRD0067-BR01,PRD0067,BR01,33,5,125,Abbott India,BATCH982552,2025-08-10,WH-HYD-01,52.58,1735.14
INV-PRD0067-BR02,PRD0067,BR02,10,2,35,Abbott India,BATCH292779,2026-08-04,WH-CHN-01,52.58,525.8
INV-PRD0067-BR03,PRD0067,BR03,121,29,374,Abbott India,BATCH788690,2025-04-12,WH-HYD-02,52.58,6362.18
INV-PRD0067-BR04,PRD0067,BR04,21,5,78,Abbott India,BATCH768713,2026-10-13,WH-HYD-01,52.58,1104.18
INV-PRD0067-BR05,PRD0067,BR05,126,29,395,Abbott India,BATCH697525,2025-03-01,WH-CHN-01,52.58,6625.08
INV-PRD0067-BR06,PRD0067,BR06,114,21,428,Abbott India,BATCH796658,2025-07-17,WH-BLR-01,52.58,5994.12
INV-PRD0067-BR07,PRD0067,BR07,139,25,469,Abbott India,BATCH746874,2025-02-20,WH-HYD-02,52.58,7308.62
INV-PRD0067-BR08,PRD0067,BR08,106,20,346,Abbott India,BATCH542151,2026-11-22,WH-HYD-01,52.58,5573.48
INV-PRD0068-BR01,PRD0068,BR01,97,22,250,Sun Pharmaceuticals,BATCH957683,2026-08-06,WH-HYD-01,221.81,21515.57
INV-PRD0068-BR02,PRD0068,BR02,143,22,391,Sun Pharmaceuticals,BATCH785047,2026-12-22,WH-HYD-01,221.81,31718.83
INV-PRD0068-BR03,PRD0068,BR03,106,25,403,Sun Pharmaceuticals,BATCH998827,2025-01-11,WH-HYD-02,221.81,23511.86
INV-PRD0068-BR04,PRD0068,BR04,45,10,142,Sun Pharmaceuticals,BATCH750827,2025-07-05,WH-BLR-01,221.81,9981.45
INV-PRD0068-BR05,PRD0068,BR05,129,25,436,Sun Pharmaceuticals,BATCH241997,2025-04-20,WH-BLR-01,221.81,28613.49
INV-PRD0068-BR06,PRD0068,BR06,17,3,50,Sun Pharmaceuticals,BATCH782493,2026-07-21,WH-CHN-01,221.81,3770.77
INV-PRD0068-BR07,PRD0068,BR07,65,12,225,Sun Pharmaceuticals,BATCH153076,2026-08-06,WH-BLR-01,221.81,14417.65
INV-PRD0068-BR08,PRD0068,BR08,45,9,146,Sun Pharmaceuticals,BATCH978326,2026-03-23,WH-BLR-01,221.81,9981.45
INV-PRD0069-BR01,PRD0069,BR01,53,8,206,Sun Pharmaceuticals,BATCH580330,2026-05-28,WH-CHN-01,151.1,8008.3
INV-PRD0069-BR02,PRD0069,BR02,85,14,280,Sun Pharmaceuticals,BATCH657240,2026-12-18,WH-HYD-02,151.1,12843.5
INV-PRD0069-BR03,PRD0069,BR03,5,1,13,Sun Pharmaceuticals,BATCH131053,2026-11-05,WH-HYD-01,151.1,755.5
INV-PRD0069-BR04,PRD0069,BR04,95,21,242,Sun Pharmaceuticals,BATCH969818,2025-04-19,WH-CHN-01,151.1,14354.5
INV-PRD0069-BR05,PRD0069,BR05,3,0,9,Sun Pharmaceuticals,BATCH758037,2026-06-07,WH-HYD-01,151.1,453.3
INV-PRD0069-BR06,PRD0069,BR06,109,24,315,Sun Pharmaceuticals,BATCH147773,2026-03-10,WH-HYD-02,151.1,16469.9
INV-PRD0069-BR07,PRD0069,BR07,41,8,127,Sun Pharmaceuticals,BATCH918922,2025-04-08,WH-CHN-01,151.1,6195.1
INV-PRD0069-BR08,PRD0069,BR08,86,19,294,Sun Pharmaceuticals,BATCH914907,2025-08-06,WH-CHN-01,151.1,12994.6
INV-PRD0070-BR01,PRD0070,BR01,52,8,141,Abbott India,BATCH990212,2026-09-14,WH-CHN-01,124.17,6456.84
INV-PRD0070-BR02,PRD0070,BR02,146,27,377,Abbott India,BATCH863015,2026-07-04,WH-BLR-01,124.17,18128.82
INV-PRD0070-BR03,PRD0070,BR03,128,20,418,Abbott India,BATCH533713,2026-09-18,WH-BLR-01,124.17,15893.76
INV-PRD0070-BR04,PRD0070,BR04,42,9,135,Abbott India,BATCH859921,2025-10-02,WH-CHN-01,124.17,5215.14
INV-PRD0070-BR05,PRD0070,BR05,104,17,284,Abbott India,BATCH650652,2025-01-19,WH-HYD-02,124.17,12913.68
INV-PRD0070-BR06,PRD0070,BR06,96,20,334,Abbott India,BATCH595950,2025-09-06,WH-HYD-01,124.17,11920.32
INV-PRD0070-BR07,PRD0070,BR07,59,11,192,Abbott India,BATCH284289,2026-01-28,WH-BLR-01,124.17,7326.03
INV-PRD0070-BR08,PRD0070,BR08,36,7,96,Abbott India,BATCH377892,2025-10-25,WH-BLR-01,124.17,4470.12
